{  
  "routes": [  
    {"from": "JK", "to": "Punjab", "distance": 500, "cost": 1500},  
    {"from": "Punjab", "to": "JK", "distance": 500, "cost": 1500},  
    {"from": "JK", "to": "HP", "distance": 350, "cost": 1200},  
    {"from": "HP", "to": "JK", "distance": 350, "cost": 1200},  
    {"from": "Punjab", "to": "HP", "distance": 250, "cost": 800},  
    {"from": "HP", "to": "Punjab", "distance": 250, "cost": 800},  
    {"from": "Punjab", "to": "Haryana", "distance": 200, "cost": 600},  
    {"from": "Haryana", "to": "Punjab", "distance": 200, "cost": 600},  
    {"from": "Punjab", "to": "Delhi", "distance": 450, "cost": 1000},  
    {"from": "Delhi", "to": "Punjab", "distance": 450, "cost": 1000},  
    {"from": "HP", "to": "Uttarakhand", "distance": 400, "cost": 1100},  
    {"from": "Uttarakhand", "to": "HP", "distance": 400, "cost": 1100},  
    {"from": "Uttarakhand", "to": "Haryana", "distance": 300, "cost": 900},  
    {"from": "Haryana", "to": "Uttarakhand", "distance": 300, "cost": 900},  
    {"from": "Uttarakhand", "to": "UP", "distance": 350, "cost": 950},  
    {"from": "UP", "to": "Uttarakhand", "distance": 350, "cost": 950},  
    {"from": "Haryana", "to": "Delhi", "distance": 150, "cost": 400},  
    {"from": "Delhi", "to": "Haryana", "distance": 150, "cost": 400},  
    {"from": "Haryana", "to": "UP", "distance": 400, "cost": 1000},  
    {"from": "UP", "to": "Haryana", "distance": 400, "cost": 1000},  
    {"from": "Delhi", "to": "UP", "distance": 450, "cost": 1100},  
    {"from": "UP", "to": "Delhi", "distance": 450, "cost": 1100},  
    {"from": "Delhi", "to": "Rajasthan", "distance": 300, "cost": 800},  
    {"from": "Rajasthan", "to": "Delhi", "distance": 300, "cost": 800},  
    {"from": "UP", "to": "Rajasthan", "distance": 600, "cost": 1300},  
    {"from": "Rajasthan", "to": "UP", "distance": 600, "cost": 1300},  
    {"from": "Punjab", "to": "Rajasthan", "distance": 700, "cost": 1500},  
    {"from": "Rajasthan", "to": "Punjab", "distance": 700, "cost": 1500}  
  ]  
}  