[
  {
    "route": [
      "HP",
      "Uttarakhand",
      "UP"
    ],
    "distance": 750,
    "cost": null
  },
  {
    "route": [
      "HP",
      "Uttarakhand",
      "UP"
    ],
    "distance": 750,
    "cost": null
  },
  {
    "route": [
      "JK",
      "Punjab"
    ],
    "distance": 500,
    "cost": 1500
  },
  {
    "route": [
      "JK",
      "Punjab",
      "Haryana",
      "UP"
    ],
    "distance": 1100,
    "cost": 3100
  },
  {
    "route": [
      "JK",
      "HP",
      "Uttarakhand",
      "UP"
    ],
    "distance": 1100,
    "cost": 3250
  },
  {
    "route": [
      "JK",
      "HP"
    ],
    "distance": 350,
    "cost": 1200
  },
  {
    "route": [
      "JK",
      "Punjab",
      "Haryana",
      "UP"
    ],
    "distance": 1100,
    "cost": 3100
  },
  {
    "route": [
      "JK",
      "HP",
      "Uttarakhand",
      "UP"
    ],
    "distance": 1100,
    "cost": 3250
  },
  {
    "route": [
      "JK",
      "Punjab",
      "Haryana",
      "UP"
    ],
    "distance": 1100,
    "cost": 3100
  },
  {
    "route": [
      "JK",
      "Punjab"
    ],
    "distance": 500,
    "cost": 1500
  }
]